{"cameraMode":{"drawMode":0,"name":"Shaded","section":"Shading Mode"},"sceneLighting":false,"audioPlay":false,"sceneViewState":{"showFog":true,"showMaterialUpdate":false,"showSkybox":false,"showFlares":true,"showImageEffects":true,"showParticleSystems":true},"in2DMode":false,"pivot":{"x":-15.721954345703125,"y":2.2798714637756349,"z":-2.5592002868652345},"rotation":{"x":0.3420496881008148,"y":0.1774856448173523,"z":-0.0659584328532219,"w":0.9204077124595642},"size":8.750446319580079,"orthographic":false}